"","municipio","per_ocu","count","perc"
"1","Abalá","0 a 5 personas",83,0.864583333333333
"2","Abalá","11 a 30 personas",4,0.0416666666666667
"3","Abalá","31 a 50 personas",1,0.0104166666666667
"4","Abalá","51 a 100 personas",1,0.0104166666666667
"5","Abalá","6 a 10 personas",7,0.0729166666666667
"6","Acanceh","0 a 5 personas",524,0.891156462585034
"7","Acanceh","101 a 250 personas",2,0.00340136054421769
"8","Acanceh","11 a 30 personas",23,0.0391156462585034
"9","Acanceh","251 y más personas",1,0.00170068027210884
"10","Acanceh","31 a 50 personas",3,0.00510204081632653
"11","Acanceh","6 a 10 personas",35,0.0595238095238095
"12","Akil","0 a 5 personas",1343,0.953835227272727
"13","Akil","11 a 30 personas",17,0.0120738636363636
"14","Akil","31 a 50 personas",1,0.000710227272727273
"15","Akil","51 a 100 personas",2,0.00142045454545455
"16","Akil","6 a 10 personas",45,0.0319602272727273
"17","Baca","0 a 5 personas",279,0.908794788273616
"18","Baca","101 a 250 personas",1,0.00325732899022801
"19","Baca","11 a 30 personas",5,0.0162866449511401
"20","Baca","251 y más personas",2,0.00651465798045603
"21","Baca","31 a 50 personas",4,0.0130293159609121
"22","Baca","6 a 10 personas",16,0.0521172638436482
"23","Bokobá","0 a 5 personas",153,0.932926829268293
"24","Bokobá","11 a 30 personas",5,0.0304878048780488
"25","Bokobá","251 y más personas",1,0.00609756097560976
"26","Bokobá","6 a 10 personas",5,0.0304878048780488
"27","Buctzotz","0 a 5 personas",532,0.933333333333333
"28","Buctzotz","11 a 30 personas",19,0.0333333333333333
"29","Buctzotz","31 a 50 personas",2,0.00350877192982456
"30","Buctzotz","6 a 10 personas",17,0.0298245614035088
"31","Cacalchén","0 a 5 personas",443,0.926778242677824
"32","Cacalchén","11 a 30 personas",9,0.0188284518828452
"33","Cacalchén","31 a 50 personas",3,0.00627615062761506
"34","Cacalchén","51 a 100 personas",1,0.00209205020920502
"35","Cacalchén","6 a 10 personas",22,0.0460251046025105
"36","Calotmul","0 a 5 personas",155,0.870786516853933
"37","Calotmul","11 a 30 personas",11,0.0617977528089888
"38","Calotmul","31 a 50 personas",2,0.0112359550561798
"39","Calotmul","6 a 10 personas",10,0.0561797752808989
"40","Cansahcab","0 a 5 personas",237,0.911538461538462
"41","Cansahcab","101 a 250 personas",1,0.00384615384615385
"42","Cansahcab","11 a 30 personas",6,0.0230769230769231
"43","Cansahcab","31 a 50 personas",2,0.00769230769230769
"44","Cansahcab","6 a 10 personas",14,0.0538461538461538
"45","Cantamayec","0 a 5 personas",260,0.935251798561151
"46","Cantamayec","11 a 30 personas",9,0.0323741007194245
"47","Cantamayec","51 a 100 personas",1,0.00359712230215827
"48","Cantamayec","6 a 10 personas",8,0.0287769784172662
"49","Celestún","0 a 5 personas",673,0.813784764207981
"50","Celestún","11 a 30 personas",68,0.0822249093107618
"51","Celestún","251 y más personas",2,0.00241837968561064
"52","Celestún","31 a 50 personas",16,0.0193470374848851
"53","Celestún","51 a 100 personas",7,0.00846432889963724
"54","Celestún","6 a 10 personas",61,0.0737605804111245
"55","Cenotillo","0 a 5 personas",314,0.93452380952381
"56","Cenotillo","11 a 30 personas",8,0.0238095238095238
"57","Cenotillo","31 a 50 personas",1,0.00297619047619048
"58","Cenotillo","6 a 10 personas",13,0.0386904761904762
"59","Chacsinkín","0 a 5 personas",527,0.963436928702011
"60","Chacsinkín","11 a 30 personas",5,0.00914076782449726
"61","Chacsinkín","31 a 50 personas",1,0.00182815356489945
"62","Chacsinkín","6 a 10 personas",14,0.0255941499085923
"63","Chankom","0 a 5 personas",82,0.911111111111111
"64","Chankom","11 a 30 personas",1,0.0111111111111111
"65","Chankom","51 a 100 personas",1,0.0111111111111111
"66","Chankom","6 a 10 personas",6,0.0666666666666667
"67","Chapab","0 a 5 personas",155,0.917159763313609
"68","Chapab","11 a 30 personas",6,0.0355029585798817
"69","Chapab","51 a 100 personas",1,0.00591715976331361
"70","Chapab","6 a 10 personas",7,0.0414201183431953
"71","Chemax","0 a 5 personas",1134,0.952941176470588
"72","Chemax","101 a 250 personas",2,0.00168067226890756
"73","Chemax","11 a 30 personas",24,0.0201680672268908
"74","Chemax","31 a 50 personas",1,0.000840336134453782
"75","Chemax","51 a 100 personas",3,0.00252100840336134
"76","Chemax","6 a 10 personas",26,0.0218487394957983
"77","Chichimilá","0 a 5 personas",268,0.937062937062937
"78","Chichimilá","101 a 250 personas",1,0.0034965034965035
"79","Chichimilá","11 a 30 personas",5,0.0174825174825175
"80","Chichimilá","31 a 50 personas",2,0.00699300699300699
"81","Chichimilá","6 a 10 personas",10,0.034965034965035
"82","Chicxulub Pueblo","0 a 5 personas",251,0.936567164179104
"83","Chicxulub Pueblo","101 a 250 personas",1,0.00373134328358209
"84","Chicxulub Pueblo","11 a 30 personas",5,0.0186567164179104
"85","Chicxulub Pueblo","31 a 50 personas",1,0.00373134328358209
"86","Chicxulub Pueblo","6 a 10 personas",10,0.0373134328358209
"87","Chikindzonot","0 a 5 personas",405,0.961995249406176
"88","Chikindzonot","101 a 250 personas",1,0.00237529691211401
"89","Chikindzonot","11 a 30 personas",5,0.0118764845605701
"90","Chikindzonot","6 a 10 personas",10,0.0237529691211401
"91","Chocholá","0 a 5 personas",324,0.902506963788301
"92","Chocholá","101 a 250 personas",1,0.00278551532033426
"93","Chocholá","11 a 30 personas",12,0.0334261838440111
"94","Chocholá","31 a 50 personas",5,0.0139275766016713
"95","Chocholá","6 a 10 personas",17,0.0473537604456825
"96","Chumayel","0 a 5 personas",754,0.96790757381258
"97","Chumayel","11 a 30 personas",8,0.0102695763799743
"98","Chumayel","31 a 50 personas",1,0.00128369704749679
"99","Chumayel","51 a 100 personas",1,0.00128369704749679
"100","Chumayel","6 a 10 personas",15,0.0192554557124519
"101","Conkal","0 a 5 personas",496,0.876325088339223
"102","Conkal","101 a 250 personas",1,0.00176678445229682
"103","Conkal","11 a 30 personas",24,0.0424028268551237
"104","Conkal","31 a 50 personas",4,0.00706713780918728
"105","Conkal","51 a 100 personas",2,0.00353356890459364
"106","Conkal","6 a 10 personas",39,0.068904593639576
"107","Cuncunul","0 a 5 personas",84,0.875
"108","Cuncunul","11 a 30 personas",5,0.0520833333333333
"109","Cuncunul","31 a 50 personas",1,0.0104166666666667
"110","Cuncunul","6 a 10 personas",6,0.0625
"111","Cuzamá","0 a 5 personas",164,0.881720430107527
"112","Cuzamá","11 a 30 personas",7,0.0376344086021505
"113","Cuzamá","6 a 10 personas",15,0.0806451612903226
"114","Dzán","0 a 5 personas",576,0.932038834951456
"115","Dzán","11 a 30 personas",11,0.0177993527508091
"116","Dzán","31 a 50 personas",4,0.00647249190938511
"117","Dzán","6 a 10 personas",27,0.0436893203883495
"118","Dzemul","0 a 5 personas",173,0.905759162303665
"119","Dzemul","101 a 250 personas",1,0.00523560209424084
"120","Dzemul","11 a 30 personas",6,0.031413612565445
"121","Dzemul","6 a 10 personas",11,0.0575916230366492
"122","Dzidzantún","0 a 5 personas",486,0.875675675675676
"123","Dzidzantún","11 a 30 personas",21,0.0378378378378378
"124","Dzidzantún","31 a 50 personas",6,0.0108108108108108
"125","Dzidzantún","51 a 100 personas",2,0.0036036036036036
"126","Dzidzantún","6 a 10 personas",40,0.0720720720720721
"127","Dzilam de Bravo","0 a 5 personas",309,0.790281329923274
"128","Dzilam de Bravo","101 a 250 personas",8,0.020460358056266
"129","Dzilam de Bravo","11 a 30 personas",34,0.0869565217391304
"130","Dzilam de Bravo","31 a 50 personas",4,0.010230179028133
"131","Dzilam de Bravo","51 a 100 personas",6,0.0153452685421995
"132","Dzilam de Bravo","6 a 10 personas",30,0.0767263427109974
"133","Dzilam González","0 a 5 personas",343,0.905013192612137
"134","Dzilam González","11 a 30 personas",12,0.0316622691292876
"135","Dzilam González","31 a 50 personas",3,0.0079155672823219
"136","Dzilam González","6 a 10 personas",21,0.0554089709762533
"137","Dzitás","0 a 5 personas",341,0.963276836158192
"138","Dzitás","11 a 30 personas",8,0.0225988700564972
"139","Dzitás","6 a 10 personas",5,0.0141242937853107
"140","Dzoncauich","0 a 5 personas",132,0.904109589041096
"141","Dzoncauich","11 a 30 personas",3,0.0205479452054795
"142","Dzoncauich","51 a 100 personas",1,0.00684931506849315
"143","Dzoncauich","6 a 10 personas",10,0.0684931506849315
"144","Espita","0 a 5 personas",1252,0.957186544342508
"145","Espita","101 a 250 personas",1,0.000764525993883792
"146","Espita","11 a 30 personas",21,0.0160550458715596
"147","Espita","31 a 50 personas",6,0.00458715596330275
"148","Espita","6 a 10 personas",28,0.0214067278287462
"149","Halachó","0 a 5 personas",1196,0.938039215686274
"150","Halachó","101 a 250 personas",1,0.000784313725490196
"151","Halachó","11 a 30 personas",27,0.0211764705882353
"152","Halachó","251 y más personas",2,0.00156862745098039
"153","Halachó","31 a 50 personas",11,0.00862745098039216
"154","Halachó","51 a 100 personas",2,0.00156862745098039
"155","Halachó","6 a 10 personas",36,0.0282352941176471
"156","Hocabá","0 a 5 personas",200,0.854700854700855
"157","Hocabá","11 a 30 personas",12,0.0512820512820513
"158","Hocabá","31 a 50 personas",3,0.0128205128205128
"159","Hocabá","6 a 10 personas",19,0.0811965811965812
"160","Hoctún","0 a 5 personas",267,0.898989898989899
"161","Hoctún","11 a 30 personas",13,0.0437710437710438
"162","Hoctún","31 a 50 personas",2,0.00673400673400673
"163","Hoctún","51 a 100 personas",1,0.00336700336700337
"164","Hoctún","6 a 10 personas",14,0.0471380471380471
"165","Homún","0 a 5 personas",363,0.876811594202899
"166","Homún","11 a 30 personas",14,0.0338164251207729
"167","Homún","251 y más personas",1,0.00241545893719807
"168","Homún","31 a 50 personas",7,0.0169082125603865
"169","Homún","6 a 10 personas",29,0.070048309178744
"170","Huhí","0 a 5 personas",456,0.96
"171","Huhí","11 a 30 personas",5,0.0105263157894737
"172","Huhí","31 a 50 personas",1,0.00210526315789474
"173","Huhí","51 a 100 personas",1,0.00210526315789474
"174","Huhí","6 a 10 personas",12,0.0252631578947368
"175","Hunucmá","0 a 5 personas",1593,0.883527454242928
"176","Hunucmá","101 a 250 personas",3,0.00166389351081531
"177","Hunucmá","11 a 30 personas",82,0.0454797559622851
"178","Hunucmá","251 y más personas",4,0.00221852468108708
"179","Hunucmá","31 a 50 personas",11,0.00610094287298946
"180","Hunucmá","51 a 100 personas",4,0.00221852468108708
"181","Hunucmá","6 a 10 personas",106,0.0587909040488075
"182","Ixil","0 a 5 personas",251,0.906137184115523
"183","Ixil","101 a 250 personas",1,0.0036101083032491
"184","Ixil","11 a 30 personas",9,0.0324909747292419
"185","Ixil","51 a 100 personas",1,0.0036101083032491
"186","Ixil","6 a 10 personas",15,0.0541516245487365
"187","Izamal","0 a 5 personas",2207,0.931223628691983
"188","Izamal","101 a 250 personas",3,0.00126582278481013
"189","Izamal","11 a 30 personas",54,0.0227848101265823
"190","Izamal","31 a 50 personas",9,0.00379746835443038
"191","Izamal","51 a 100 personas",7,0.0029535864978903
"192","Izamal","6 a 10 personas",90,0.0379746835443038
"193","Kanasín","0 a 5 personas",3620,0.875665215287857
"194","Kanasín","101 a 250 personas",6,0.00145137880986938
"195","Kanasín","11 a 30 personas",187,0.0452346395742622
"196","Kanasín","251 y más personas",3,0.000725689404934688
"197","Kanasín","31 a 50 personas",26,0.00628930817610063
"198","Kanasín","51 a 100 personas",24,0.0058055152394775
"199","Kanasín","6 a 10 personas",268,0.0648282535074988
"200","Kantunil","0 a 5 personas",181,0.928205128205128
"201","Kantunil","11 a 30 personas",5,0.0256410256410256
"202","Kantunil","31 a 50 personas",2,0.0102564102564103
"203","Kantunil","6 a 10 personas",7,0.0358974358974359
"204","Kaua","0 a 5 personas",219,0.9125
"205","Kaua","11 a 30 personas",9,0.0375
"206","Kaua","31 a 50 personas",2,0.00833333333333333
"207","Kaua","6 a 10 personas",10,0.0416666666666667
"208","Kinchil","0 a 5 personas",297,0.894578313253012
"209","Kinchil","11 a 30 personas",12,0.036144578313253
"210","Kinchil","251 y más personas",1,0.00301204819277108
"211","Kinchil","31 a 50 personas",1,0.00301204819277108
"212","Kinchil","6 a 10 personas",21,0.0632530120481928
"213","Kopomá","0 a 5 personas",136,0.883116883116883
"214","Kopomá","101 a 250 personas",1,0.00649350649350649
"215","Kopomá","11 a 30 personas",7,0.0454545454545455
"216","Kopomá","31 a 50 personas",3,0.0194805194805195
"217","Kopomá","6 a 10 personas",7,0.0454545454545455
"218","Mama","0 a 5 personas",453,0.951680672268908
"219","Mama","101 a 250 personas",1,0.00210084033613445
"220","Mama","11 a 30 personas",9,0.0189075630252101
"221","Mama","6 a 10 personas",13,0.0273109243697479
"222","Maní","0 a 5 personas",710,0.963364993215739
"223","Maní","101 a 250 personas",1,0.00135685210312076
"224","Maní","11 a 30 personas",6,0.00814111261872456
"225","Maní","31 a 50 personas",1,0.00135685210312076
"226","Maní","6 a 10 personas",19,0.0257801899592944
"227","Maxcanú","0 a 5 personas",765,0.881336405529954
"228","Maxcanú","101 a 250 personas",3,0.00345622119815668
"229","Maxcanú","11 a 30 personas",33,0.0380184331797235
"230","Maxcanú","251 y más personas",2,0.00230414746543779
"231","Maxcanú","31 a 50 personas",10,0.0115207373271889
"232","Maxcanú","51 a 100 personas",2,0.00230414746543779
"233","Maxcanú","6 a 10 personas",53,0.0610599078341014
"234","Mayapán","0 a 5 personas",704,0.977777777777778
"235","Mayapán","101 a 250 personas",1,0.00138888888888889
"236","Mayapán","11 a 30 personas",9,0.0125
"237","Mayapán","31 a 50 personas",1,0.00138888888888889
"238","Mayapán","6 a 10 personas",5,0.00694444444444444
"239","Mérida","0 a 5 personas",43294,0.797311233885819
"240","Mérida","101 a 250 personas",352,0.00648250460405157
"241","Mérida","11 a 30 personas",3792,0.0698342541436464
"242","Mérida","251 y más personas",166,0.00305709023941068
"243","Mérida","31 a 50 personas",733,0.0134990791896869
"244","Mérida","51 a 100 personas",481,0.00885819521178637
"245","Mérida","6 a 10 personas",5482,0.100957642725599
"246","Mocochá","0 a 5 personas",99,0.9
"247","Mocochá","11 a 30 personas",3,0.0272727272727273
"248","Mocochá","6 a 10 personas",8,0.0727272727272727
"249","Motul","0 a 5 personas",1718,0.899476439790576
"250","Motul","101 a 250 personas",1,0.000523560209424084
"251","Motul","11 a 30 personas",65,0.0340314136125654
"252","Motul","251 y más personas",2,0.00104712041884817
"253","Motul","31 a 50 personas",12,0.00628272251308901
"254","Motul","51 a 100 personas",6,0.0031413612565445
"255","Motul","6 a 10 personas",106,0.0554973821989529
"256","Muna","0 a 5 personas",915,0.943298969072165
"257","Muna","101 a 250 personas",2,0.00206185567010309
"258","Muna","11 a 30 personas",19,0.0195876288659794
"259","Muna","31 a 50 personas",2,0.00206185567010309
"260","Muna","51 a 100 personas",3,0.00309278350515464
"261","Muna","6 a 10 personas",29,0.0298969072164948
"262","Muxupip","0 a 5 personas",134,0.91156462585034
"263","Muxupip","11 a 30 personas",7,0.0476190476190476
"264","Muxupip","6 a 10 personas",6,0.0408163265306122
"265","Opichén","0 a 5 personas",200,0.938967136150235
"266","Opichén","101 a 250 personas",1,0.00469483568075117
"267","Opichén","11 a 30 personas",5,0.0234741784037559
"268","Opichén","31 a 50 personas",1,0.00469483568075117
"269","Opichén","51 a 100 personas",1,0.00469483568075117
"270","Opichén","6 a 10 personas",5,0.0234741784037559
"271","Oxkutzcab","0 a 5 personas",1983,0.91214351425943
"272","Oxkutzcab","101 a 250 personas",1,0.000459981600735971
"273","Oxkutzcab","11 a 30 personas",54,0.0248390064397424
"274","Oxkutzcab","251 y más personas",1,0.000459981600735971
"275","Oxkutzcab","31 a 50 personas",10,0.00459981600735971
"276","Oxkutzcab","51 a 100 personas",7,0.00321987120515179
"277","Oxkutzcab","6 a 10 personas",118,0.0542778288868445
"278","Panabá","0 a 5 personas",360,0.923076923076923
"279","Panabá","11 a 30 personas",10,0.0256410256410256
"280","Panabá","31 a 50 personas",3,0.00769230769230769
"281","Panabá","6 a 10 personas",17,0.0435897435897436
"282","Peto","0 a 5 personas",1621,0.931074095347501
"283","Peto","101 a 250 personas",3,0.00172314761631246
"284","Peto","11 a 30 personas",37,0.0212521539345204
"285","Peto","251 y más personas",1,0.000574382538770821
"286","Peto","31 a 50 personas",6,0.00344629523262493
"287","Peto","51 a 100 personas",7,0.00402067777139575
"288","Peto","6 a 10 personas",66,0.0379092475588742
"289","Progreso","0 a 5 personas",3010,0.803309314117961
"290","Progreso","101 a 250 personas",14,0.00373632239124633
"291","Progreso","11 a 30 personas",268,0.0715238857752869
"292","Progreso","251 y más personas",2,0.000533760341606619
"293","Progreso","31 a 50 personas",47,0.0125433680277555
"294","Progreso","51 a 100 personas",27,0.00720576461168935
"295","Progreso","6 a 10 personas",379,0.101147584734454
"296","Quintana Roo","0 a 5 personas",104,0.912280701754386
"297","Quintana Roo","11 a 30 personas",4,0.0350877192982456
"298","Quintana Roo","31 a 50 personas",1,0.0087719298245614
"299","Quintana Roo","6 a 10 personas",5,0.043859649122807
"300","Río Lagartos","0 a 5 personas",195,0.833333333333333
"301","Río Lagartos","101 a 250 personas",2,0.00854700854700855
"302","Río Lagartos","11 a 30 personas",10,0.0427350427350427
"303","Río Lagartos","251 y más personas",1,0.00427350427350427
"304","Río Lagartos","31 a 50 personas",1,0.00427350427350427
"305","Río Lagartos","51 a 100 personas",2,0.00854700854700855
"306","Río Lagartos","6 a 10 personas",23,0.0982905982905983
"307","Sacalum","0 a 5 personas",255,0.913978494623656
"308","Sacalum","101 a 250 personas",1,0.003584229390681
"309","Sacalum","11 a 30 personas",10,0.03584229390681
"310","Sacalum","31 a 50 personas",1,0.003584229390681
"311","Sacalum","6 a 10 personas",12,0.043010752688172
"312","Samahil","0 a 5 personas",210,0.882352941176471
"313","Samahil","101 a 250 personas",1,0.00420168067226891
"314","Samahil","11 a 30 personas",12,0.0504201680672269
"315","Samahil","6 a 10 personas",15,0.0630252100840336
"316","San Felipe","0 a 5 personas",111,0.787234042553192
"317","San Felipe","101 a 250 personas",2,0.0141843971631206
"318","San Felipe","11 a 30 personas",6,0.0425531914893617
"319","San Felipe","31 a 50 personas",1,0.00709219858156028
"320","San Felipe","51 a 100 personas",4,0.0283687943262411
"321","San Felipe","6 a 10 personas",17,0.120567375886525
"322","Sanahcat","0 a 5 personas",69,0.8625
"323","Sanahcat","11 a 30 personas",5,0.0625
"324","Sanahcat","251 y más personas",1,0.0125
"325","Sanahcat","6 a 10 personas",5,0.0625
"326","Santa Elena","0 a 5 personas",248,0.882562277580071
"327","Santa Elena","101 a 250 personas",1,0.00355871886120996
"328","Santa Elena","11 a 30 personas",14,0.0498220640569395
"329","Santa Elena","31 a 50 personas",4,0.0142348754448399
"330","Santa Elena","51 a 100 personas",1,0.00355871886120996
"331","Santa Elena","6 a 10 personas",13,0.0462633451957295
"332","Seyé","0 a 5 personas",307,0.882183908045977
"333","Seyé","101 a 250 personas",1,0.0028735632183908
"334","Seyé","11 a 30 personas",16,0.0459770114942529
"335","Seyé","31 a 50 personas",2,0.00574712643678161
"336","Seyé","6 a 10 personas",22,0.0632183908045977
"337","Sinanché","0 a 5 personas",144,0.9
"338","Sinanché","101 a 250 personas",1,0.00625
"339","Sinanché","11 a 30 personas",7,0.04375
"340","Sinanché","31 a 50 personas",1,0.00625
"341","Sinanché","6 a 10 personas",7,0.04375
"342","Sotuta","0 a 5 personas",459,0.940573770491803
"343","Sotuta","11 a 30 personas",9,0.0184426229508197
"344","Sotuta","251 y más personas",1,0.00204918032786885
"345","Sotuta","31 a 50 personas",1,0.00204918032786885
"346","Sotuta","51 a 100 personas",1,0.00204918032786885
"347","Sotuta","6 a 10 personas",17,0.0348360655737705
"348","Sucilá","0 a 5 personas",231,0.924
"349","Sucilá","101 a 250 personas",1,0.004
"350","Sucilá","11 a 30 personas",9,0.036
"351","Sucilá","6 a 10 personas",9,0.036
"352","Sudzal","0 a 5 personas",69,0.841463414634146
"353","Sudzal","11 a 30 personas",6,0.0731707317073171
"354","Sudzal","6 a 10 personas",7,0.0853658536585366
"355","Suma","0 a 5 personas",110,0.964912280701754
"356","Suma","11 a 30 personas",3,0.0263157894736842
"357","Suma","6 a 10 personas",1,0.0087719298245614
"358","Tahdziú","0 a 5 personas",922,0.972573839662447
"359","Tahdziú","11 a 30 personas",9,0.00949367088607595
"360","Tahdziú","251 y más personas",1,0.00105485232067511
"361","Tahdziú","31 a 50 personas",4,0.00421940928270042
"362","Tahdziú","6 a 10 personas",12,0.0126582278481013
"363","Tahmek","0 a 5 personas",148,0.836158192090395
"364","Tahmek","11 a 30 personas",10,0.0564971751412429
"365","Tahmek","31 a 50 personas",10,0.0564971751412429
"366","Tahmek","6 a 10 personas",9,0.0508474576271186
"367","Teabo","0 a 5 personas",1228,0.968454258675079
"368","Teabo","11 a 30 personas",15,0.0118296529968454
"369","Teabo","251 y más personas",1,0.000788643533123028
"370","Teabo","31 a 50 personas",4,0.00315457413249211
"371","Teabo","6 a 10 personas",20,0.0157728706624606
"372","Tecoh","0 a 5 personas",391,0.898850574712644
"373","Tecoh","101 a 250 personas",4,0.00919540229885057
"374","Tecoh","11 a 30 personas",17,0.0390804597701149
"375","Tecoh","251 y más personas",1,0.00229885057471264
"376","Tecoh","31 a 50 personas",2,0.00459770114942529
"377","Tecoh","51 a 100 personas",1,0.00229885057471264
"378","Tecoh","6 a 10 personas",19,0.0436781609195402
"379","Tekal de Venegas","0 a 5 personas",222,0.936708860759494
"380","Tekal de Venegas","11 a 30 personas",7,0.029535864978903
"381","Tekal de Venegas","31 a 50 personas",3,0.0126582278481013
"382","Tekal de Venegas","6 a 10 personas",5,0.0210970464135021
"383","Tekantó","0 a 5 personas",243,0.938223938223938
"384","Tekantó","11 a 30 personas",7,0.027027027027027
"385","Tekantó","6 a 10 personas",9,0.0347490347490347
"386","Tekax","0 a 5 personas",2721,0.934409340659341
"387","Tekax","101 a 250 personas",3,0.00103021978021978
"388","Tekax","11 a 30 personas",64,0.021978021978022
"389","Tekax","251 y más personas",2,0.000686813186813187
"390","Tekax","31 a 50 personas",13,0.00446428571428571
"391","Tekax","51 a 100 personas",8,0.00274725274725275
"392","Tekax","6 a 10 personas",101,0.0346840659340659
"393","Tekit","0 a 5 personas",1473,0.917185554171856
"394","Tekit","11 a 30 personas",42,0.0261519302615193
"395","Tekit","31 a 50 personas",6,0.0037359900373599
"396","Tekit","6 a 10 personas",85,0.0529265255292653
"397","Tekom","0 a 5 personas",300,0.967741935483871
"398","Tekom","101 a 250 personas",1,0.0032258064516129
"399","Tekom","11 a 30 personas",3,0.00967741935483871
"400","Tekom","6 a 10 personas",6,0.0193548387096774
"401","Telchac Pueblo","0 a 5 personas",201,0.889380530973451
"402","Telchac Pueblo","11 a 30 personas",7,0.0309734513274336
"403","Telchac Pueblo","6 a 10 personas",18,0.079646017699115
"404","Telchac Puerto","0 a 5 personas",228,0.890625
"405","Telchac Puerto","101 a 250 personas",1,0.00390625
"406","Telchac Puerto","11 a 30 personas",12,0.046875
"407","Telchac Puerto","31 a 50 personas",3,0.01171875
"408","Telchac Puerto","51 a 100 personas",3,0.01171875
"409","Telchac Puerto","6 a 10 personas",9,0.03515625
"410","Temax","0 a 5 personas",344,0.902887139107612
"411","Temax","101 a 250 personas",1,0.0026246719160105
"412","Temax","11 a 30 personas",12,0.031496062992126
"413","Temax","31 a 50 personas",3,0.0078740157480315
"414","Temax","6 a 10 personas",21,0.0551181102362205
"415","Temozón","0 a 5 personas",1490,0.962532299741602
"416","Temozón","11 a 30 personas",16,0.0103359173126615
"417","Temozón","31 a 50 personas",5,0.00322997416020672
"418","Temozón","51 a 100 personas",1,0.000645994832041344
"419","Temozón","6 a 10 personas",36,0.0232558139534884
"420","Tepakán","0 a 5 personas",173,0.955801104972376
"421","Tepakán","11 a 30 personas",4,0.0220994475138122
"422","Tepakán","251 y más personas",1,0.00552486187845304
"423","Tepakán","6 a 10 personas",3,0.0165745856353591
"424","Tetiz","0 a 5 personas",232,0.91699604743083
"425","Tetiz","11 a 30 personas",8,0.0316205533596838
"426","Tetiz","6 a 10 personas",13,0.0513833992094862
"427","Teya","0 a 5 personas",126,0.940298507462687
"428","Teya","101 a 250 personas",1,0.00746268656716418
"429","Teya","11 a 30 personas",3,0.0223880597014925
"430","Teya","6 a 10 personas",4,0.0298507462686567
"431","Ticul","0 a 5 personas",2772,0.889602053915276
"432","Ticul","101 a 250 personas",5,0.00160462130937099
"433","Ticul","11 a 30 personas",97,0.0311296534017972
"434","Ticul","251 y más personas",1,0.000320924261874198
"435","Ticul","31 a 50 personas",12,0.00385109114249037
"436","Ticul","51 a 100 personas",12,0.00385109114249037
"437","Ticul","6 a 10 personas",217,0.0696405648267009
"438","Timucuy","0 a 5 personas",113,0.91869918699187
"439","Timucuy","31 a 50 personas",1,0.00813008130081301
"440","Timucuy","6 a 10 personas",9,0.0731707317073171
"441","Tinum","0 a 5 personas",947,0.94228855721393
"442","Tinum","11 a 30 personas",18,0.017910447761194
"443","Tinum","31 a 50 personas",5,0.00497512437810945
"444","Tinum","51 a 100 personas",1,0.00099502487562189
"445","Tinum","6 a 10 personas",34,0.0338308457711443
"446","Tixcacalcupul","0 a 5 personas",411,0.978571428571429
"447","Tixcacalcupul","11 a 30 personas",4,0.00952380952380952
"448","Tixcacalcupul","251 y más personas",1,0.00238095238095238
"449","Tixcacalcupul","31 a 50 personas",1,0.00238095238095238
"450","Tixcacalcupul","6 a 10 personas",3,0.00714285714285714
"451","Tixkokob","0 a 5 personas",694,0.885204081632653
"452","Tixkokob","11 a 30 personas",26,0.0331632653061225
"453","Tixkokob","251 y más personas",1,0.00127551020408163
"454","Tixkokob","31 a 50 personas",6,0.0076530612244898
"455","Tixkokob","6 a 10 personas",57,0.0727040816326531
"456","Tixmehuac","0 a 5 personas",403,0.95952380952381
"457","Tixmehuac","11 a 30 personas",8,0.019047619047619
"458","Tixmehuac","6 a 10 personas",9,0.0214285714285714
"459","Tixpéhual","0 a 5 personas",184,0.9064039408867
"460","Tixpéhual","101 a 250 personas",1,0.00492610837438424
"461","Tixpéhual","11 a 30 personas",5,0.0246305418719212
"462","Tixpéhual","31 a 50 personas",1,0.00492610837438424
"463","Tixpéhual","6 a 10 personas",12,0.0591133004926108
"464","Tizimín","0 a 5 personas",3559,0.899191510864073
"465","Tizimín","101 a 250 personas",6,0.00151591712986357
"466","Tizimín","11 a 30 personas",128,0.0323395654370894
"467","Tizimín","251 y más personas",2,0.000505305709954523
"468","Tizimín","31 a 50 personas",23,0.00581101566447701
"469","Tizimín","51 a 100 personas",18,0.0045477513895907
"470","Tizimín","6 a 10 personas",222,0.056088933804952
"471","Tunkás","0 a 5 personas",223,0.948936170212766
"472","Tunkás","11 a 30 personas",4,0.0170212765957447
"473","Tunkás","6 a 10 personas",8,0.0340425531914894
"474","Tzucacab","0 a 5 personas",1058,0.948028673835125
"475","Tzucacab","11 a 30 personas",22,0.0197132616487455
"476","Tzucacab","31 a 50 personas",1,0.000896057347670251
"477","Tzucacab","51 a 100 personas",2,0.0017921146953405
"478","Tzucacab","6 a 10 personas",33,0.0295698924731183
"479","Uayma","0 a 5 personas",327,0.961764705882353
"480","Uayma","11 a 30 personas",7,0.0205882352941176
"481","Uayma","51 a 100 personas",1,0.00294117647058824
"482","Uayma","6 a 10 personas",5,0.0147058823529412
"483","Ucú","0 a 5 personas",111,0.847328244274809
"484","Ucú","11 a 30 personas",8,0.0610687022900763
"485","Ucú","6 a 10 personas",12,0.0916030534351145
"486","Umán","0 a 5 personas",2142,0.821634062140391
"487","Umán","101 a 250 personas",19,0.00728807057920982
"488","Umán","11 a 30 personas",139,0.0533179900268508
"489","Umán","251 y más personas",18,0.00690448791714614
"490","Umán","31 a 50 personas",42,0.0161104718066743
"491","Umán","51 a 100 personas",28,0.0107403145377829
"492","Umán","6 a 10 personas",219,0.0840046029919448
"493","Valladolid","0 a 5 personas",5077,0.888986167046051
"494","Valladolid","101 a 250 personas",13,0.00227630887760462
"495","Valladolid","11 a 30 personas",212,0.0371213447732446
"496","Valladolid","251 y más personas",6,0.00105060409735598
"497","Valladolid","31 a 50 personas",29,0.00507791980388723
"498","Valladolid","51 a 100 personas",19,0.0033269129749606
"499","Valladolid","6 a 10 personas",355,0.0621607424268955
"500","Xocchel","0 a 5 personas",158,0.908045977011494
"501","Xocchel","11 a 30 personas",8,0.0459770114942529
"502","Xocchel","51 a 100 personas",1,0.00574712643678161
"503","Xocchel","6 a 10 personas",7,0.0402298850574713
"504","Yaxcabá","0 a 5 personas",318,0.935294117647059
"505","Yaxcabá","101 a 250 personas",1,0.00294117647058824
"506","Yaxcabá","11 a 30 personas",6,0.0176470588235294
"507","Yaxcabá","6 a 10 personas",15,0.0441176470588235
"508","Yaxkukul","0 a 5 personas",169,0.871134020618557
"509","Yaxkukul","101 a 250 personas",1,0.00515463917525773
"510","Yaxkukul","11 a 30 personas",7,0.0360824742268041
"511","Yaxkukul","31 a 50 personas",2,0.0103092783505155
"512","Yaxkukul","6 a 10 personas",15,0.077319587628866
"513","Yobaín","0 a 5 personas",93,0.853211009174312
"514","Yobaín","101 a 250 personas",1,0.00917431192660551
"515","Yobaín","11 a 30 personas",8,0.073394495412844
"516","Yobaín","31 a 50 personas",4,0.036697247706422
"517","Yobaín","6 a 10 personas",3,0.0275229357798165
